{"cameraMode":{"drawMode":0,"name":"Shaded","section":"Shading Mode"},"sceneLighting":true,"audioPlay":false,"sceneViewState":{"m_AlwaysRefresh":false,"showFog":true,"showSkybox":true,"showFlares":true,"showImageEffects":true,"showParticleSystems":true,"showVisualEffectGraphs":true,"m_FxEnabled":true},"in2DMode":false,"pivot":{"x":1.3422203063964844,"y":10.259038925170899,"z":-0.9835985898971558},"rotation":{"x":0.14658555388450623,"y":-0.6907549500465393,"z":0.14614634215831757,"w":0.6928300261497498},"size":5.839534282684326,"orthographic":false}